,survival,pclass,sex,age,sibsp,parch,fare,embarked,class,who,adult_male,embark_town,alive,alone,family-size
0,0,3,male,0.37254901960784315,1,0,0.12832812350652614,S,Third,man,True,Southampton,no,False,1
2,1,3,female,0.4509803921568627,0,0,0.14027591431575445,S,Third,woman,False,Southampton,yes,True,0
3,1,1,female,0.6274509803921569,1,0,0.939892876992626,S,First,woman,False,Southampton,yes,False,1
4,0,3,male,0.6274509803921569,0,0,0.14248846816931526,S,Third,man,True,Southampton,no,True,0
5,0,3,male,0.5235121107266435,0,0,0.1497155540765862,Q,Third,man,True,Queenstown,no,True,0
6,0,1,male,1.0,0,0,0.9179885938423741,S,First,man,True,Southampton,no,True,0
8,1,3,female,0.47058823529411764,0,2,0.19706420654278725,S,Third,woman,False,Southampton,yes,False,2
9,1,2,female,0.21568627450980393,1,0,0.5322661153572478,C,Second,child,False,Cherbourg,yes,False,1
10,1,3,female,0.0196078431372549,1,1,0.2955971948357223,S,Third,child,False,Southampton,yes,False,2
12,0,3,male,0.3333333333333333,0,0,0.14248846816931526,S,Third,man,True,Southampton,no,True,0
13,0,3,male,0.7058823529411764,1,5,0.5535809741609111,S,Third,man,True,Southampton,no,False,6
14,0,3,female,0.21568627450980393,0,0,0.1390227238130976,S,Third,child,False,Southampton,no,True,0
17,1,2,male,0.5235121107266435,0,0,0.23010560077032277,S,Second,man,True,Southampton,yes,True,0
18,0,3,female,0.5490196078431372,1,0,0.3186077549127546,S,Third,woman,False,Southampton,no,False,1
19,1,3,female,0.5235121107266435,0,0,0.12788561273581397,C,Third,woman,False,Cherbourg,yes,True,0
20,0,2,male,0.6274509803921569,0,0,0.46021120154064554,S,Second,man,True,Southampton,no,True,0
21,1,2,male,0.6078431372549019,0,0,0.23010560077032277,S,Second,man,True,Southampton,yes,True,0
22,1,3,female,0.23529411764705882,0,0,0.14212029920808272,Q,Third,child,False,Queenstown,yes,True,0
23,1,1,male,0.4901960784313726,0,0,0.628365294411266,S,First,man,True,Southampton,yes,True,0
24,0,3,female,0.09803921568627451,3,1,0.37303657971035015,S,Third,child,False,Southampton,no,False,4
25,1,3,female,0.6862745098039216,1,5,0.5555722726291158,S,Third,woman,False,Southampton,yes,False,6
26,0,3,male,0.5235121107266435,0,0,0.12788561273581397,C,Third,man,True,Cherbourg,no,True,0
28,1,3,female,0.5235121107266435,0,0,0.13946523458380977,Q,Third,woman,False,Queenstown,yes,True,0
29,0,3,male,0.5235121107266435,0,0,0.13975906173556266,S,Third,man,True,Southampton,no,True,0
30,0,1,male,0.7254901960784313,0,0,0.4906701029103049,C,First,man,True,Cherbourg,no,True,0
32,1,3,female,0.5235121107266435,0,0,0.13717833892076933,Q,Third,woman,False,Queenstown,yes,True,0
35,0,1,male,0.7647058823529411,1,0,0.9204224030812911,S,First,man,True,Southampton,no,False,1
36,1,3,male,0.5235121107266435,0,0,0.12795995454529363,C,Third,man,True,Cherbourg,yes,True,0
37,0,3,male,0.3529411764705882,0,0,0.14248846816931526,S,Third,man,True,Southampton,no,True,0
38,0,3,female,0.2941176470588235,2,0,0.3186077549127546,S,Third,woman,False,Southampton,no,False,2
39,1,3,female,0.21568627450980393,1,0,0.19898293324459518,C,Third,child,False,Cherbourg,yes,False,1
40,0,3,female,0.7254901960784313,1,0,0.1677115820999083,S,Third,woman,False,Southampton,no,False,1
41,0,2,female,0.47058823529411764,1,0,0.3717090473982137,S,Second,woman,False,Southampton,no,False,1
42,0,3,male,0.5235121107266435,0,0,0.13975906173556266,C,Third,man,True,Cherbourg,no,True,0
43,1,2,female,0.0,1,2,0.7359697535038003,C,Second,child,False,Cherbourg,yes,False,3
44,1,3,female,0.3137254901960784,0,0,0.13946523458380977,Q,Third,woman,False,Queenstown,yes,True,0
45,0,3,male,0.5235121107266435,0,0,0.14248846816931526,S,Third,man,True,Southampton,no,True,0
46,0,3,male,0.5235121107266435,1,0,0.27435667784153867,Q,Third,man,True,Queenstown,no,False,1
48,0,3,male,0.5235121107266435,2,0,0.38373118001692164,C,Third,man,True,Cherbourg,no,False,2
49,0,3,female,0.2941176470588235,1,0,0.31506766874705733,S,Third,woman,False,Southampton,no,False,1
50,0,3,male,0.07843137254901962,4,1,0.7024858485055526,S,Third,child,False,Southampton,no,False,5
51,0,3,male,0.3529411764705882,0,0,0.13806336046219364,S,Third,man,True,Southampton,no,True,0
53,1,2,female,0.5098039215686274,1,0,0.46021120154064554,S,Second,woman,False,Southampton,yes,False,1
55,1,1,male,0.5235121107266435,0,0,0.628365294411266,S,First,man,True,Southampton,yes,True,0
56,1,2,female,0.3529411764705882,0,0,0.18585452369910685,S,Second,woman,False,Southampton,yes,True,0
57,0,3,male,0.5,0,0,0.12795995454529363,C,Third,man,True,Cherbourg,no,True,0
58,1,2,female,0.0392156862745098,1,2,0.4911869554904967,S,Second,child,False,Southampton,yes,False,3
59,0,3,male,0.1568627450980392,5,2,0.8301502058560105,S,Third,child,False,Southampton,no,False,7
60,0,3,male,0.37254901960784315,0,0,0.12795995454529363,C,Third,man,True,Cherbourg,no,True,0
63,0,3,male,0.0196078431372549,3,2,0.4938420201147696,S,Third,child,False,Southampton,no,False,5
64,0,1,male,0.5235121107266435,0,0,0.4906701029103049,C,First,man,True,Cherbourg,no,True,0
65,1,3,male,0.5235121107266435,1,1,0.2698572283249374,C,Third,man,True,Cherbourg,yes,False,2
66,1,2,female,0.5098039215686274,0,0,0.18585452369910685,S,Second,woman,False,Southampton,yes,True,0
67,0,3,male,0.3137254901960784,0,0,0.14440542482804034,S,Third,man,True,Southampton,no,True,0
68,1,3,female,0.2745098039215686,4,2,0.14027591431575445,S,Third,woman,False,Southampton,yes,False,6
69,0,3,male,0.4509803921568627,2,0,0.15332998205176313,S,Third,man,True,Southampton,no,False,2
70,0,2,male,0.5686274509803921,0,0,0.18585452369910685,S,Second,man,True,Southampton,no,True,0
71,0,3,female,0.2549019607843137,5,2,0.8301502058560105,S,Third,woman,False,Southampton,no,False,7
73,0,3,male,0.4509803921568627,1,0,0.25584556728110763,C,Third,man,True,Cherbourg,no,False,1
74,1,3,male,0.5686274509803921,0,0,1.0,S,Third,man,True,Southampton,yes,True,0
75,0,3,male,0.4313725490196078,0,0,0.13540829583792072,S,Third,man,True,Southampton,no,True,0
79,1,3,female,0.5294117647058824,0,0,0.2208128745853674,S,Third,woman,False,Southampton,yes,True,0
80,0,3,male,0.37254901960784315,0,0,0.1593038774563773,S,Third,man,True,Southampton,no,True,0
81,1,3,male,0.5098039215686274,0,0,0.16815409287062047,S,Third,man,True,Southampton,yes,True,0
82,1,3,female,0.5235121107266435,0,0,0.13784210507683756,Q,Third,woman,False,Queenstown,yes,True,0
83,0,1,male,0.4901960784313726,0,0,0.8336902920217079,S,First,man,True,Southampton,no,True,0
84,1,2,female,0.2745098039215686,0,0,0.18585452369910685,S,Second,woman,False,Southampton,yes,True,0
85,1,3,female,0.5882352941176471,3,0,0.2805518286315089,S,Third,woman,False,Southampton,yes,False,3
86,0,3,male,0.2549019607843137,1,3,0.6084523097292188,S,Third,man,True,Southampton,no,False,4
89,0,3,male,0.4117647058823529,0,0,0.14248846816931526,S,Third,man,True,Southampton,no,True,0
90,0,3,male,0.5098039215686274,0,0,0.14248846816931526,S,Third,man,True,Southampton,no,True,0
91,0,3,male,0.3333333333333333,0,0,0.1390227238130976,S,Third,man,True,Southampton,no,True,0
93,0,3,male,0.4509803921568627,1,2,0.36418636429610696,S,Third,man,True,Southampton,no,False,3
98,1,2,female,0.6078431372549019,0,1,0.4071099090551864,S,Second,woman,False,Southampton,yes,False,1
99,0,2,male,0.6078431372549019,1,0,0.46021120154064554,S,Second,man,True,Southampton,no,False,1
100,0,3,female,0.4901960784313726,0,0,0.13975906173556266,S,Third,woman,False,Southampton,no,True,0
103,0,3,male,0.5882352941176471,0,0,0.1531830684758867,S,Third,man,True,Southampton,no,True,0
104,0,3,male,0.6666666666666666,2,0,0.14027591431575445,S,Third,man,True,Southampton,no,False,2
105,0,3,male,0.4901960784313726,0,0,0.13975906173556266,S,Third,man,True,Southampton,no,True,0
106,1,3,female,0.3529411764705882,0,0,0.13540829583792072,S,Third,woman,False,Southampton,yes,True,0
107,1,3,male,0.5235121107266435,0,0,0.1376208496914815,S,Third,man,True,Southampton,yes,True,0
108,0,3,male,0.6862745098039216,0,0,0.13975906173556266,S,Third,man,True,Southampton,no,True,0
109,1,3,female,0.5235121107266435,1,0,0.42746540450794573,Q,Third,woman,False,Queenstown,yes,False,1
110,0,1,male,0.8627450980392156,0,0,0.9204224030812911,S,First,man,True,Southampton,no,True,0
111,0,3,female,0.22549019607843135,1,0,0.25584556728110763,C,Third,child,False,Cherbourg,no,False,1
112,0,3,male,0.37254901960784315,0,0,0.14248846816931526,S,Third,man,True,Southampton,no,True,0
113,0,3,female,0.3333333333333333,1,0,0.17390673288987854,S,Third,woman,False,Southampton,no,False,1
114,0,3,female,0.2745098039215686,0,0,0.25591813904750443,C,Third,woman,False,Cherbourg,no,True,0
115,0,3,male,0.3529411764705882,0,0,0.14027591431575445,S,Third,man,True,Southampton,no,True,0
117,0,2,male,0.5098039215686274,1,0,0.3717090473982137,S,Second,man,True,Southampton,no,False,1
122,0,2,male,0.5784313725490196,1,0,0.5322661153572478,C,Second,man,True,Cherbourg,no,False,1
123,1,2,female,0.5784313725490196,0,0,0.23010560077032277,S,Second,woman,False,Southampton,yes,True,0
125,1,3,male,0.1764705882352941,1,0,0.19898293324459518,C,Third,child,False,Cherbourg,yes,False,1
126,0,3,male,0.5235121107266435,0,0,0.13717833892076933,Q,Third,man,True,Queenstown,no,True,0
127,1,3,male,0.4117647058823529,0,0,0.12641116684780107,S,Third,man,True,Southampton,yes,True,0
128,1,3,female,0.5235121107266435,1,1,0.3957515425925467,C,Third,woman,False,Cherbourg,yes,False,2
129,0,3,male,0.8235294117647058,0,0,0.1234605050286924,S,Third,man,True,Southampton,no,True,0
130,0,3,male,0.5882352941176471,0,0,0.13975906173556266,C,Third,man,True,Cherbourg,no,True,0
131,0,3,male,0.3333333333333333,0,0,0.12478803734082888,S,Third,man,True,Southampton,no,True,0
132,0,3,female,0.8627450980392156,1,0,0.2566562470130523,S,Third,woman,False,Southampton,no,False,1
134,0,2,male,0.4313725490196078,0,0,0.23010560077032277,S,Second,man,True,Southampton,no,True,0
135,0,2,male,0.39215686274509803,0,0,0.2663171421592402,C,Second,man,True,Cherbourg,no,True,0
136,1,1,female,0.3137254901960784,0,2,0.4652257335943557,S,First,woman,False,Southampton,yes,False,2
137,0,1,male,0.6666666666666666,1,0,0.939892876992626,S,First,man,True,Southampton,no,False,1
138,0,3,male,0.2549019607843137,0,0,0.16313956081691028,S,Third,man,True,Southampton,no,True,0
140,0,3,female,0.5235121107266435,0,2,0.2698572283249374,C,Third,woman,False,Cherbourg,no,False,2
141,1,3,female,0.37254901960784315,0,0,0.13717833892076933,S,Third,woman,False,Southampton,yes,True,0
142,1,3,female,0.4117647058823529,1,0,0.2805518286315089,S,Third,woman,False,Southampton,yes,False,1
143,0,3,male,0.3137254901960784,0,0,0.11947790809228297,Q,Third,man,True,Queenstown,no,True,0
144,0,2,male,0.2941176470588235,0,0,0.2035549545275932,S,Second,man,True,Southampton,no,True,0
145,0,2,male,0.3137254901960784,1,1,0.6504908329468739,S,Second,man,True,Southampton,no,False,2
146,1,3,male,0.47058823529411764,0,0,0.137989018652714,S,Third,man,True,Southampton,yes,True,0
147,0,3,female,0.1176470588235294,2,2,0.6084523097292188,S,Third,child,False,Southampton,no,False,4
148,0,2,male,0.6568627450980392,0,2,0.46021120154064554,S,Second,man,True,Southampton,no,False,2
149,0,2,male,0.7647058823529411,0,0,0.23010560077032277,S,Second,man,True,Southampton,no,True,0
150,0,2,male,0.9411764705882353,0,0,0.22169789612679175,S,Second,man,True,Southampton,no,True,0
153,0,3,male,0.7352941176470588,0,2,0.2566562470130523,S,Third,man,True,Southampton,no,False,2
154,0,3,male,0.5235121107266435,0,0,0.12943440043330656,S,Third,man,True,Southampton,no,True,0
156,1,3,female,0.2549019607843137,0,0,0.13688274172593362,Q,Third,woman,False,Queenstown,yes,True,0
157,0,3,male,0.5294117647058824,0,0,0.14248846816931526,S,Third,man,True,Southampton,no,True,0
158,0,3,male,0.5235121107266435,0,0,0.15332998205176313,S,Third,man,True,Southampton,no,True,0
160,0,3,male,0.803921568627451,0,1,0.2849769363386305,S,Third,man,True,Southampton,no,False,1
161,1,2,female,0.7254901960784313,0,0,0.2787817855486603,S,Second,woman,False,Southampton,yes,True,0
162,0,3,male,0.4509803921568627,0,0,0.1376208496914815,S,Third,man,True,Southampton,no,True,0
163,0,3,male,0.2745098039215686,0,0,0.15332998205176313,S,Third,man,True,Southampton,no,True,0
165,1,3,male,0.1176470588235294,0,2,0.3633013427546826,S,Third,child,False,Southampton,yes,False,2
166,1,1,female,0.5235121107266435,0,1,0.9735236955667501,S,First,woman,False,Southampton,yes,False,1
167,0,3,female,0.8235294117647058,1,4,0.4938420201147696,S,Third,woman,False,Southampton,no,False,5
168,0,1,male,0.5235121107266435,0,0,0.45888366922850904,S,First,man,True,Southampton,no,True,0
169,0,3,male,0.4901960784313726,0,0,1.0,S,Third,man,True,Southampton,no,True,0
171,0,3,male,0.0196078431372549,4,1,0.5155250478796654,Q,Third,child,False,Queenstown,no,False,5
175,0,3,male,0.2941176470588235,1,1,0.1390227238130976,S,Third,man,True,Southampton,no,False,2
176,0,3,male,0.5235121107266435,3,1,0.4507715617798137,S,Third,man,True,Southampton,no,False,4
177,0,1,female,0.9215686274509803,0,0,0.5082236201629148,C,First,woman,False,Cherbourg,no,True,0
178,0,2,male,0.5294117647058824,0,0,0.23010560077032277,S,Second,man,True,Southampton,no,True,0
179,0,3,male,0.6470588235294117,0,0,0.0,S,Third,man,True,Southampton,no,True,0
181,0,2,male,0.5235121107266435,0,0,0.2663914839687198,C,Second,man,True,Cherbourg,no,True,0
182,0,3,male,0.1176470588235294,4,2,0.5555722726291158,S,Third,child,False,Southampton,no,False,6
184,1,3,female,0.0196078431372549,0,2,0.3898519889974122,S,Third,child,False,Southampton,yes,False,2
185,0,1,male,0.5235121107266435,0,0,0.8850215414243183,S,First,man,True,Southampton,no,True,0
186,1,3,female,0.5235121107266435,1,0,0.27435667784153867,Q,Third,woman,False,Queenstown,yes,False,1
187,1,1,male,0.8235294117647058,0,0,0.469946438496313,S,First,man,True,Southampton,yes,True,0
188,0,3,male,0.7254901960784313,1,1,0.27435667784153867,Q,Third,man,True,Queenstown,no,False,2
189,0,3,male,0.6470588235294117,0,0,0.13975906173556266,S,Third,man,True,Southampton,no,True,0
190,1,2,female,0.5686274509803921,0,0,0.23010560077032277,S,Second,woman,False,Southampton,yes,True,0
191,0,2,male,0.3137254901960784,0,0,0.23010560077032277,S,Second,man,True,Southampton,no,True,0
192,1,3,female,0.3137254901960784,1,0,0.1390227238130976,S,Third,woman,False,Southampton,yes,False,1
193,1,2,male,0.0,1,1,0.46021120154064554,S,Second,child,False,Southampton,yes,False,2
194,1,1,female,0.803921568627451,0,0,0.4906701029103049,C,First,woman,False,Cherbourg,yes,True,0
197,0,3,male,0.7647058823529411,0,1,0.1487579607687651,S,Third,man,True,Southampton,no,False,1
199,0,2,female,0.4117647058823529,0,0,0.23010560077032277,S,Second,woman,False,Southampton,no,True,0
200,0,3,male,0.4901960784313726,0,0,0.16815409287062047,S,Third,man,True,Southampton,no,True,0
202,0,3,male,0.6078431372549019,0,0,0.11497845857568173,S,Third,man,True,Southampton,no,True,0
203,0,3,male,0.8333333333333333,0,0,0.12788561273581397,C,Third,man,True,Cherbourg,no,True,0
204,1,3,male,0.2941176470588235,0,0,0.14248846816931526,S,Third,man,True,Southampton,yes,True,0
206,0,3,male,0.5686274509803921,1,0,0.2805518286315089,S,Third,man,True,Southampton,no,False,1
207,1,3,male,0.4509803921568627,0,0,0.33254684419018765,C,Third,man,True,Cherbourg,yes,True,0
208,1,3,female,0.2549019607843137,0,0,0.13717833892076933,Q,Third,woman,False,Queenstown,yes,True,0
209,1,1,male,0.7254901960784313,0,0,0.5487133556830773,C,First,man,True,Cherbourg,yes,True,0
210,0,3,male,0.4117647058823529,0,0,0.12478803734082888,S,Third,man,True,Southampton,no,True,0
211,1,2,female,0.6274509803921569,0,0,0.3717090473982137,S,Second,woman,False,Southampton,yes,True,0
212,0,3,male,0.37254901960784315,0,0,0.12832812350652614,S,Third,man,True,Southampton,no,True,0
214,0,3,male,0.5235121107266435,1,0,0.13717833892076933,Q,Third,man,True,Queenstown,no,False,1
216,1,3,female,0.47058823529411764,0,0,0.14027591431575445,S,Third,woman,False,Southampton,yes,True,0
217,0,2,male,0.7647058823529411,1,0,0.47791163236913187,S,Second,man,True,Southampton,no,False,1
219,0,2,male,0.5294117647058824,0,0,0.18585452369910685,S,Second,man,True,Southampton,no,True,0
220,1,3,male,0.2549019607843137,0,0,0.14248846816931526,S,Third,man,True,Southampton,yes,True,0
221,0,2,male,0.47058823529411764,0,0,0.23010560077032277,S,Second,man,True,Southampton,no,True,0
222,0,3,male,0.9411764705882353,0,0,0.14248846816931526,S,Third,man,True,Southampton,no,True,0
225,0,3,male,0.37254901960784315,0,0,0.16549902824634752,S,Third,man,True,Southampton,no,True,0
226,1,2,male,0.3137254901960784,0,0,0.18585452369910685,S,Second,man,True,Southampton,yes,True,0
227,0,3,male,0.3431372549019608,0,0,0.12832812350652614,S,Third,man,True,Southampton,no,True,0
228,0,2,male,0.2941176470588235,0,0,0.23010560077032277,S,Second,man,True,Southampton,no,True,0
229,0,3,female,0.5235121107266435,3,1,0.4507715617798137,S,Third,woman,False,Southampton,no,False,4
231,0,3,male,0.5098039215686274,0,0,0.1376208496914815,S,Third,man,True,Southampton,no,True,0
233,1,3,female,0.0392156862745098,4,2,0.5555722726291158,S,Third,child,False,Southampton,yes,False,6
234,0,2,male,0.4117647058823529,0,0,0.18585452369910685,S,Second,man,True,Southampton,no,True,0
235,0,3,female,0.5235121107266435,0,0,0.13363825275507207,S,Third,woman,False,Southampton,no,True,0
236,0,2,male,0.803921568627451,1,0,0.46021120154064554,S,Second,man,True,Southampton,no,False,1
237,1,2,female,0.09803921568627451,0,2,0.4646363092477671,S,Second,child,False,Southampton,yes,False,2
238,0,2,male,0.3137254901960784,0,0,0.18585452369910685,S,Second,man,True,Southampton,no,True,0
239,0,2,male,0.5882352941176471,0,0,0.21727278841967015,S,Second,man,True,Southampton,no,True,0
240,0,3,female,0.5235121107266435,1,0,0.25584556728110763,C,Third,woman,False,Cherbourg,no,False,1
242,0,2,male,0.5098039215686274,0,0,0.18585452369910685,S,Second,man,True,Southampton,no,True,0
243,0,3,male,0.37254901960784315,0,0,0.12611556965296536,S,Third,man,True,Southampton,no,True,0
244,0,3,male,0.5294117647058824,0,0,0.12788561273581397,C,Third,man,True,Cherbourg,no,True,0
246,0,3,female,0.4313725490196078,0,0,0.1376208496914815,S,Third,woman,False,Southampton,no,True,0
247,1,2,female,0.4117647058823529,0,2,0.2566562470130523,S,Second,woman,False,Southampton,yes,False,2
248,1,1,male,0.6666666666666666,1,1,0.9302319818464382,S,First,man,True,Southampton,yes,False,2
249,0,2,male,1.0,1,0,0.46021120154064554,S,Second,man,True,Southampton,no,False,1
250,0,3,male,0.5235121107266435,0,0,0.12832812350652614,S,Third,man,True,Southampton,no,True,0
251,0,3,female,0.5098039215686274,1,1,0.1851907575430386,S,Third,woman,False,Southampton,no,False,2
253,0,3,male,0.5294117647058824,1,0,0.2849769363386305,S,Third,man,True,Southampton,no,False,1
254,0,3,female,0.7450980392156863,0,2,0.35776995812078066,S,Third,woman,False,Southampton,no,False,2
255,1,3,female,0.5098039215686274,0,2,0.2698572283249374,C,Third,woman,False,Cherbourg,yes,False,2
259,1,2,female,0.9215686274509803,0,1,0.46021120154064554,S,Second,woman,False,Southampton,yes,False,1
261,1,3,male,0.0,4,2,0.5555722726291158,S,Third,child,False,Southampton,yes,False,6
263,0,1,male,0.7254901960784313,0,0,0.0,S,First,man,True,Southampton,no,True,0
264,0,3,female,0.5235121107266435,0,0,0.13717833892076933,Q,Third,woman,False,Queenstown,no,True,0
265,0,2,male,0.6470588235294117,0,0,0.18585452369910685,S,Second,man,True,Southampton,no,True,0
266,0,3,male,0.2549019607843137,4,1,0.7024858485055526,S,Third,man,True,Southampton,no,False,5
267,1,3,male,0.4313725490196078,1,0,0.1376208496914815,S,Third,man,True,Southampton,yes,False,1
270,0,1,male,0.5235121107266435,0,0,0.5487133556830773,S,First,man,True,Southampton,no,True,0
271,1,3,male,0.4313725490196078,0,0,0.0,S,Third,man,True,Southampton,yes,True,0
272,1,2,female,0.7450980392156863,0,1,0.34515840115548413,S,Second,woman,False,Southampton,yes,False,1
273,0,1,male,0.6666666666666666,0,1,0.525702795606045,C,First,man,True,Cherbourg,no,False,1
276,0,3,female,0.8235294117647058,0,0,0.13717833892076933,S,Third,woman,False,Southampton,no,True,0
277,0,2,male,0.5235121107266435,0,0,0.0,S,Second,man,True,Southampton,no,True,0
278,0,3,male,0.07843137254901962,4,1,0.5155250478796654,Q,Third,child,False,Queenstown,no,False,5
279,1,3,female,0.6274509803921569,1,1,0.3584337242768489,S,Third,woman,False,Southampton,yes,False,2
281,0,3,male,0.4901960784313726,0,0,0.1390227238130976,S,Third,man,True,Southampton,no,True,0
282,0,3,male,0.2549019607843137,0,0,0.16815409287062047,S,Third,man,True,Southampton,no,True,0
283,1,3,male,0.3137254901960784,0,0,0.14248846816931526,S,Third,man,True,Southampton,yes,True,0
284,0,1,male,0.5235121107266435,0,0,0.46021120154064554,S,First,man,True,Southampton,no,True,0
285,0,3,male,0.5882352941176471,0,0,0.15332998205176313,C,Third,man,True,Cherbourg,no,True,0
286,1,3,male,0.5294117647058824,0,0,0.16815409287062047,S,Third,man,True,Southampton,yes,True,0
287,0,3,male,0.37254901960784315,0,0,0.13975906173556266,S,Third,man,True,Southampton,no,True,0
288,1,2,male,0.7647058823529411,0,0,0.23010560077032277,S,Second,man,True,Southampton,yes,True,0
289,1,3,female,0.37254901960784315,0,0,0.13717833892076933,Q,Third,woman,False,Queenstown,yes,True,0
292,0,2,male,0.6470588235294117,0,0,0.22789304691676196,C,Second,man,True,Cherbourg,no,True,0
293,0,3,female,0.4117647058823529,0,0,0.15664881283210433,S,Third,woman,False,Southampton,no,True,0
294,0,3,male,0.4117647058823529,0,0,0.13975906173556266,S,Third,man,True,Southampton,no,True,0
296,0,3,male,0.40196078431372545,0,0,0.12795995454529363,C,Third,man,True,Cherbourg,no,True,0
298,1,1,male,0.5235121107266435,0,0,0.5398631402688342,S,First,man,True,Southampton,yes,True,0
301,1,3,male,0.5235121107266435,2,0,0.411535016762308,Q,Third,man,True,Queenstown,yes,False,2
302,0,3,male,0.3137254901960784,0,0,0.0,S,Third,man,True,Southampton,no,True,0
303,1,2,female,0.5235121107266435,0,0,0.2186003207318066,Q,Second,woman,False,Queenstown,yes,True,0
308,0,2,male,0.5294117647058824,1,0,0.4248103398836728,C,Second,man,True,Cherbourg,no,False,1
312,0,2,female,0.4509803921568627,1,1,0.46021120154064554,S,Second,woman,False,Southampton,no,False,2
314,0,2,male,0.7843137254901961,1,1,0.4646363092477671,S,Second,man,True,Southampton,no,False,2
315,1,3,female,0.4509803921568627,0,0,0.1390227238130976,S,Third,woman,False,Southampton,yes,True,0
316,1,2,female,0.4117647058823529,1,0,0.46021120154064554,S,Second,woman,False,Southampton,yes,False,1
317,0,2,male,1.0,0,0,0.24780603159880912,S,Second,man,True,Southampton,no,True,0
321,0,3,male,0.47058823529411764,0,0,0.13975906173556266,S,Third,man,True,Southampton,no,True,0
322,1,2,female,0.5294117647058824,0,0,0.2186003207318066,Q,Second,woman,False,Queenstown,yes,True,0
323,1,2,female,0.37254901960784315,1,1,0.5133124940261046,S,Second,woman,False,Southampton,yes,False,2
327,1,2,female,0.6470588235294117,0,0,0.23010560077032277,S,Second,woman,False,Southampton,yes,True,0
328,1,3,female,0.5490196078431372,1,1,0.3633013427546826,S,Third,woman,False,Southampton,yes,False,2
330,1,3,female,0.5235121107266435,2,0,0.411535016762308,Q,Third,woman,False,Queenstown,yes,False,2
331,0,1,male,0.8333333333333333,0,0,0.5044622786118614,S,First,man,True,Southampton,no,True,0
333,0,3,male,0.2549019607843137,2,0,0.3186077549127546,S,Third,man,True,Southampton,no,False,2
338,1,3,male,0.8235294117647058,0,0,0.14248846816931526,S,Third,man,True,Southampton,yes,True,0
339,0,1,male,0.8235294117647058,0,0,0.628365294411266,S,First,man,True,Southampton,no,True,0
342,0,2,male,0.4901960784313726,0,0,0.23010560077032277,S,Second,man,True,Southampton,no,True,0
344,0,2,male,0.6470588235294117,0,0,0.23010560077032277,S,Second,man,True,Southampton,no,True,0
345,1,2,female,0.4117647058823529,0,0,0.23010560077032277,S,Second,woman,False,Southampton,yes,True,0
346,1,2,female,0.7254901960784313,0,0,0.23010560077032277,S,Second,woman,False,Southampton,yes,True,0
347,1,3,female,0.5235121107266435,1,0,0.2849769363386305,S,Third,woman,False,Southampton,yes,False,1
348,1,3,male,0.0,1,1,0.28143685017293324,S,Third,child,False,Southampton,yes,False,2
349,0,3,male,0.7647058823529411,0,0,0.15332998205176313,S,Third,man,True,Southampton,no,True,0
350,0,3,male,0.39215686274509803,0,0,0.1632864743927867,S,Third,man,True,Southampton,no,True,0
351,0,1,male,0.5235121107266435,0,0,0.6195150789970228,S,First,man,True,Southampton,no,True,0
352,0,3,male,0.23529411764705882,1,1,0.12795995454529363,C,Third,child,False,Cherbourg,no,False,2
353,0,3,male,0.4313725490196078,1,0,0.31506766874705733,S,Third,man,True,Southampton,no,False,1
356,1,1,female,0.37254901960784315,0,1,0.9735236955667501,S,First,woman,False,Southampton,yes,False,1
357,0,2,female,0.6862745098039216,0,0,0.23010560077032277,S,Second,woman,False,Southampton,no,True,0
360,0,3,male,0.7254901960784313,1,4,0.4938420201147696,S,Third,man,True,Southampton,no,False,5
361,0,2,male,0.5098039215686274,1,0,0.4906701029103049,C,Second,man,True,Cherbourg,no,False,1
362,0,3,female,0.8235294117647058,0,1,0.25584556728110763,C,Third,woman,False,Cherbourg,no,False,1
363,0,3,male,0.6274509803921569,0,0,0.12478803734082888,S,Third,man,True,Southampton,no,True,0
365,0,3,male,0.5294117647058824,0,0,0.12832812350652614,S,Third,man,True,Southampton,no,True,0
367,1,3,female,0.5235121107266435,0,0,0.12795995454529363,C,Third,woman,False,Cherbourg,yes,True,0
370,1,1,male,0.4313725490196078,1,0,0.9813419758636925,C,First,man,True,Cherbourg,yes,False,1
371,0,3,male,0.2941176470588235,1,0,0.11497845857568173,S,Third,man,True,Southampton,no,False,1
372,0,3,male,0.3137254901960784,0,0,0.14248846816931526,S,Third,man,True,Southampton,no,True,0
374,0,3,female,0.0,3,1,0.37303657971035015,S,Third,child,False,Southampton,no,False,4
376,1,3,female,0.37254901960784315,0,0,0.12832812350652614,S,Third,woman,False,Southampton,yes,True,0
378,0,3,male,0.3333333333333333,0,0,0.07102297869930155,C,Third,man,True,Cherbourg,no,True,0
379,0,3,male,0.3137254901960784,0,0,0.1376208496914815,S,Third,man,True,Southampton,no,True,0
382,0,3,male,0.5686274509803921,0,0,0.14027591431575445,S,Third,man,True,Southampton,no,True,0
383,1,1,female,0.6274509803921569,1,0,0.9204224030812911,S,First,woman,False,Southampton,yes,False,1
388,0,3,male,0.5235121107266435,0,0,0.13681016995953682,Q,Third,man,True,Queenstown,no,True,0
389,1,2,female,0.2745098039215686,0,0,0.2124051699418364,C,Second,woman,False,Cherbourg,yes,True,0
391,1,3,male,0.3529411764705882,0,0,0.137989018652714,S,Third,man,True,Southampton,yes,True,0
392,0,3,male,0.4901960784313726,2,0,0.14027591431575445,S,Third,man,True,Southampton,no,False,2
394,1,3,female,0.4117647058823529,0,2,0.2955971948357223,S,Third,woman,False,Southampton,yes,False,2
395,0,3,male,0.37254901960784315,0,0,0.137989018652714,S,Third,man,True,Southampton,no,True,0
396,0,3,female,0.5490196078431372,0,0,0.1390227238130976,S,Third,woman,False,Southampton,no,True,0
397,0,2,male,0.8431372549019608,0,0,0.46021120154064554,S,Second,man,True,Southampton,no,True,0
398,0,2,male,0.39215686274509803,0,0,0.18585452369910685,S,Second,man,True,Southampton,no,True,0
399,1,2,female,0.4901960784313726,0,0,0.22391044998035253,S,Second,woman,False,Southampton,yes,True,0
400,1,3,male,0.7058823529411764,0,0,0.14027591431575445,S,Third,man,True,Southampton,yes,True,0
401,0,3,male,0.4509803921568627,0,0,0.14248846816931526,S,Third,man,True,Southampton,no,True,0
402,0,3,female,0.3529411764705882,1,0,0.17390673288987854,S,Third,woman,False,Southampton,no,False,1
403,0,3,male,0.4901960784313726,1,0,0.2805518286315089,S,Third,man,True,Southampton,no,False,1
404,0,3,female,0.3333333333333333,0,0,0.15332998205176313,S,Third,woman,False,Southampton,no,True,0
405,0,2,male,0.6078431372549019,1,0,0.3717090473982137,S,Second,man,True,Southampton,no,False,1
406,0,3,male,0.9411764705882353,0,0,0.13717833892076933,S,Third,man,True,Southampton,no,True,0
407,1,2,male,0.0,1,1,0.33188307803411937,S,Second,child,False,Southampton,yes,False,2
408,0,3,male,0.3529411764705882,0,0,0.1376208496914815,S,Third,man,True,Southampton,no,True,0
411,0,3,male,0.5235121107266435,0,0,0.12139486475100804,Q,Third,man,True,Queenstown,no,True,0
414,1,3,male,0.803921568627451,0,0,0.14027591431575445,S,Third,man,True,Southampton,yes,True,0
415,0,3,female,0.5235121107266435,0,0,0.14248846816931526,S,Third,woman,False,Southampton,no,True,0
416,1,2,female,0.6078431372549019,1,1,0.5752640019258068,S,Second,woman,False,Southampton,yes,False,2
417,1,2,female,0.2941176470588235,0,2,0.23010560077032277,S,Second,woman,False,Southampton,yes,False,2
419,0,3,female,0.13725490196078433,0,2,0.42746540450794573,S,Third,child,False,Southampton,no,False,2
421,0,3,male,0.3529411764705882,0,0,0.13688274172593362,Q,Third,man,True,Queenstown,no,True,0
422,0,3,male,0.5098039215686274,0,0,0.13939089277433014,S,Third,man,True,Southampton,no,True,0
423,0,3,female,0.4901960784313726,1,1,0.25488620393020367,S,Third,woman,False,Southampton,no,False,2
424,0,3,male,0.2941176470588235,1,1,0.35776995812078066,S,Third,man,True,Southampton,no,False,2
426,1,2,female,0.4901960784313726,1,0,0.46021120154064554,S,Second,woman,False,Southampton,yes,False,1
427,1,2,female,0.3137254901960784,0,0,0.46021120154064554,S,Second,woman,False,Southampton,yes,True,0
429,1,3,male,0.5686274509803921,0,0,0.14248846816931526,S,Third,man,True,Southampton,yes,True,0
430,1,1,male,0.4901960784313726,0,0,0.469946438496313,S,First,man,True,Southampton,yes,True,0
432,1,2,female,0.7647058823529411,1,0,0.46021120154064554,S,Second,woman,False,Southampton,yes,False,1
433,0,3,male,0.2745098039215686,0,0,0.12611556965296536,S,Third,man,True,Southampton,no,True,0
434,0,1,male,0.9215686274509803,1,0,0.9894540833123878,S,First,man,True,Southampton,no,False,1
436,0,3,female,0.3529411764705882,2,2,0.6084523097292188,S,Third,woman,False,Southampton,no,False,4
437,1,2,female,0.4117647058823529,2,3,0.33188307803411937,S,Second,woman,False,Southampton,yes,False,5
439,0,2,male,0.5490196078431372,0,0,0.18585452369910685,S,Second,man,True,Southampton,no,True,0
440,1,2,female,0.8235294117647058,1,1,0.4646363092477671,S,Second,woman,False,Southampton,yes,False,2
441,0,3,male,0.3333333333333333,0,0,0.16815409287062047,S,Third,man,True,Southampton,no,True,0
442,0,3,male,0.4313725490196078,1,0,0.1376208496914815,S,Third,man,True,Southampton,no,False,1
443,1,2,female,0.4901960784313726,0,0,0.23010560077032277,S,Second,woman,False,Southampton,yes,True,0
444,1,3,male,0.5235121107266435,0,0,0.14359474509609566,S,Third,man,True,Southampton,yes,True,0
446,1,2,female,0.196078431372549,0,1,0.34515840115548413,S,Second,child,False,Southampton,yes,False,1
447,1,1,male,0.6078431372549019,0,0,0.469946438496313,S,First,man,True,Southampton,yes,True,0
448,1,3,female,0.0392156862745098,2,1,0.34088020702423893,C,Third,child,False,Cherbourg,yes,False,3
449,1,1,male,0.9607843137254901,0,0,0.5398631402688342,S,First,man,True,Southampton,yes,True,0
450,0,2,male,0.6470588235294117,1,2,0.4911869554904967,S,Second,man,True,Southampton,no,False,3
451,0,3,male,0.5235121107266435,1,0,0.3534191922231387,S,Third,man,True,Southampton,no,False,1
452,0,1,male,0.5294117647058824,0,0,0.4911869554904967,C,First,man,True,Cherbourg,no,True,0
455,1,3,male,0.5098039215686274,0,0,0.13975906173556266,C,Third,man,True,Cherbourg,yes,True,0
457,1,1,female,0.5235121107266435,1,0,0.9179885938423741,S,First,woman,False,Southampton,yes,False,1
458,1,2,female,0.9215686274509803,0,0,0.18585452369910685,S,Second,woman,False,Southampton,yes,True,0
460,1,1,male,0.8823529411764706,0,0,0.469946438496313,S,First,man,True,Southampton,yes,True,0
461,0,3,male,0.6078431372549019,0,0,0.14248846816931526,S,Third,man,True,Southampton,no,True,0
462,0,1,male,0.8627450980392156,0,0,0.6814665868967251,S,First,man,True,Southampton,no,True,0
463,0,2,male,0.8823529411764706,0,0,0.23010560077032277,S,Second,man,True,Southampton,no,True,0
465,0,3,male,0.6862745098039216,0,0,0.12478803734082888,S,Third,man,True,Southampton,no,True,0
468,0,3,male,0.5235121107266435,0,0,0.13673582815005716,Q,Third,man,True,Queenstown,no,True,0
471,0,3,male,0.6862745098039216,0,0,0.15332998205176313,S,Third,man,True,Southampton,no,True,0
472,1,2,female,0.5882352941176471,1,2,0.4911869554904967,S,Second,woman,False,Southampton,yes,False,3
473,1,2,female,0.39215686274509803,0,0,0.24411903185723544,C,Second,woman,False,Cherbourg,yes,True,0
474,0,3,female,0.37254901960784315,0,0,0.17412798827523462,S,Third,woman,False,Southampton,no,True,0
475,0,1,male,0.5235121107266435,0,0,0.9204224030812911,S,First,man,True,Southampton,no,True,0
477,0,3,male,0.5098039215686274,1,0,0.12471369553134923,S,Third,man,True,Southampton,no,False,1
478,0,3,male,0.37254901960784315,0,0,0.13312140017488028,S,Third,man,True,Southampton,no,True,0
480,0,3,male,0.1176470588235294,5,2,0.8301502058560105,S,Third,child,False,Southampton,no,False,7
482,0,3,male,0.9215686274509803,0,0,0.14248846816931526,S,Third,man,True,Southampton,no,True,0
489,1,3,male,0.1176470588235294,1,1,0.28143685017293324,S,Third,child,False,Southampton,yes,False,2
491,0,3,male,0.3529411764705882,0,0,0.12832812350652614,S,Third,man,True,Southampton,no,True,0
495,0,3,male,0.5235121107266435,0,0,0.25591813904750443,C,Third,man,True,Cherbourg,no,True,0
497,0,3,male,0.5235121107266435,0,0,0.26727650551014415,S,Third,man,True,Southampton,no,True,0
499,0,3,male,0.4117647058823529,0,0,0.137989018652714,S,Third,man,True,Southampton,no,True,0
501,0,3,female,0.3529411764705882,0,0,0.13717833892076933,Q,Third,woman,False,Queenstown,no,True,0
502,0,3,female,0.5235121107266435,0,0,0.13504012687668818,Q,Third,woman,False,Queenstown,no,True,0
503,0,3,female,0.6666666666666666,0,0,0.16970288056811303,S,Third,woman,False,Southampton,no,True,0
506,1,2,female,0.5882352941176471,0,2,0.46021120154064554,S,Second,woman,False,Southampton,yes,False,2
507,1,1,male,0.5235121107266435,0,0,0.469946438496313,S,First,man,True,Southampton,yes,True,0
508,0,3,male,0.4901960784313726,0,0,0.3987022044116554,S,Third,man,True,Southampton,no,True,0
509,1,3,male,0.4509803921568627,0,0,1.0,S,Third,man,True,Southampton,yes,True,0
510,1,3,male,0.5098039215686274,0,0,0.13717833892076933,Q,Third,man,True,Queenstown,yes,True,0
512,1,1,male,0.6470588235294117,0,0,0.4653000754038354,S,First,man,True,Southampton,yes,True,0
514,0,3,male,0.4117647058823529,0,0,0.1326788894041681,S,Third,man,True,Southampton,no,True,0
515,0,1,male,0.8627450980392156,0,0,0.602182817129769,S,First,man,True,Southampton,no,True,0
516,1,2,female,0.6078431372549019,0,0,0.18585452369910685,S,Second,woman,False,Southampton,yes,True,0
517,0,3,male,0.5235121107266435,0,0,0.42746540450794573,Q,Third,man,True,Queenstown,no,True,0
518,1,2,female,0.6470588235294117,1,0,0.46021120154064554,S,Second,woman,False,Southampton,yes,False,1
519,0,3,male,0.5686274509803921,0,0,0.13975906173556266,S,Third,man,True,Southampton,no,True,0
524,0,3,male,0.5235121107266435,0,0,0.12795995454529363,C,Third,man,True,Cherbourg,no,True,0
525,0,3,male,0.7352941176470588,0,0,0.13717833892076933,Q,Third,man,True,Queenstown,no,True,0
528,0,3,male,0.7058823529411764,0,0,0.14027591431575445,S,Third,man,True,Southampton,no,True,0
529,0,2,male,0.39215686274509803,2,1,0.2035549545275932,S,Second,man,True,Southampton,no,False,3
532,0,3,male,0.2745098039215686,1,1,0.12795995454529363,C,Third,man,True,Cherbourg,no,False,2
533,1,3,female,0.5235121107266435,0,2,0.3957515425925467,C,Third,woman,False,Cherbourg,yes,False,2
534,0,3,female,0.5294117647058824,0,0,0.15332998205176313,S,Third,woman,False,Southampton,no,True,0
535,1,2,female,0.07843137254901962,0,2,0.4646363092477671,S,Second,child,False,Southampton,yes,False,2
536,0,1,male,0.8235294117647058,0,0,0.469946438496313,S,First,man,True,Southampton,no,True,0
538,0,3,male,0.5235121107266435,0,0,0.2566562470130523,S,Third,man,True,Southampton,no,True,0
539,1,1,female,0.37254901960784315,0,2,0.8761713260100751,C,First,woman,False,Cherbourg,yes,False,2
541,0,3,female,0.1176470588235294,4,2,0.5535809741609111,S,Third,child,False,Southampton,no,False,6
542,0,3,female,0.1568627450980392,4,2,0.5535809741609111,S,Third,child,False,Southampton,no,False,6
543,1,2,male,0.5686274509803921,1,0,0.46021120154064554,S,Second,man,True,Southampton,yes,False,1
546,1,2,female,0.3137254901960784,1,0,0.46021120154064554,S,Second,woman,False,Southampton,yes,False,1
547,1,2,male,0.5235121107266435,0,0,0.24537222235989226,C,Second,man,True,Cherbourg,yes,True,0
548,0,3,male,0.5882352941176471,1,1,0.3633013427546826,S,Third,man,True,Southampton,no,False,2
549,1,2,male,0.09803921568627451,1,1,0.6504908329468739,S,Second,child,False,Southampton,yes,False,2
551,0,2,male,0.47058823529411764,0,0,0.46021120154064554,S,Second,man,True,Southampton,no,True,0
552,0,3,male,0.5235121107266435,0,0,0.13858021304238546,Q,Third,man,True,Queenstown,no,True,0
553,1,3,male,0.37254901960784315,0,0,0.12788561273581397,C,Third,man,True,Cherbourg,yes,True,0
554,1,3,female,0.37254901960784315,0,0,0.1376208496914815,S,Third,woman,False,Southampton,yes,True,0
556,1,1,female,0.8823529411764706,1,0,0.7009370608080601,C,First,woman,False,Cherbourg,yes,False,1
559,1,3,female,0.6470588235294117,1,0,0.30798749641566275,S,Third,woman,False,Southampton,yes,False,1
561,0,3,male,0.7254901960784313,0,0,0.13975906173556266,S,Third,man,True,Southampton,no,True,0
562,0,2,male,0.4901960784313726,0,0,0.23895581618456593,S,Second,man,True,Southampton,no,True,0
565,0,3,male,0.4117647058823529,2,0,0.42746540450794573,S,Third,man,True,Southampton,no,False,2
566,0,3,male,0.3137254901960784,0,0,0.13975906173556266,S,Third,man,True,Southampton,no,True,0
567,0,3,female,0.5098039215686274,0,4,0.37303657971035015,S,Third,woman,False,Southampton,no,False,4
569,1,3,male,0.5686274509803921,0,0,0.1390227238130976,S,Third,man,True,Southampton,yes,True,0
571,1,1,female,0.9803921568627452,2,0,0.9112040187058154,S,First,woman,False,Southampton,yes,False,2
572,1,1,male,0.6470588235294117,0,0,0.46707011848668395,S,First,man,True,Southampton,yes,True,0
574,0,3,male,0.2549019607843137,0,0,0.14248846816931526,S,Third,man,True,Southampton,no,True,0
575,0,3,male,0.3137254901960784,0,0,0.2566562470130523,S,Third,man,True,Southampton,no,True,0
576,1,2,female,0.6078431372549019,0,0,0.23010560077032277,S,Second,woman,False,Southampton,yes,True,0
577,1,1,female,0.7058823529411764,1,0,0.9894540833123878,S,First,woman,False,Southampton,yes,False,1
578,0,3,female,0.5235121107266435,1,0,0.25591813904750443,C,Third,woman,False,Cherbourg,no,False,1
579,1,3,male,0.5686274509803921,0,0,0.14027591431575445,S,Third,man,True,Southampton,yes,True,0
580,1,2,female,0.4313725490196078,1,1,0.531012924854591,S,Second,woman,False,Southampton,yes,False,2
582,0,2,male,1.0,0,0,0.46021120154064554,S,Second,man,True,Southampton,no,True,0
583,0,1,male,0.6470588235294117,0,0,0.7102297869930154,C,First,man,True,Cherbourg,no,True,0
584,0,3,male,0.5235121107266435,0,0,0.15421500359318746,C,Third,man,True,Cherbourg,no,True,0
586,0,2,male,0.8627450980392156,0,0,0.2655064624272955,S,Second,man,True,Southampton,no,True,0
590,0,3,male,0.6274509803921569,0,0,0.12611556965296536,S,Third,man,True,Southampton,no,True,0
592,0,3,male,0.8627450980392156,0,0,0.12832812350652614,S,Third,man,True,Southampton,no,True,0
593,0,3,female,0.5235121107266435,0,2,0.13717833892076933,Q,Third,woman,False,Queenstown,no,False,2
594,0,2,male,0.6666666666666666,1,0,0.46021120154064554,S,Second,man,True,Southampton,no,False,1
595,0,3,male,0.6470588235294117,1,1,0.42746540450794573,S,Third,man,True,Southampton,no,False,2
596,1,2,female,0.5235121107266435,0,0,0.5841142173400501,S,Second,woman,False,Southampton,yes,True,0
597,0,3,male,0.9019607843137255,0,0,0.0,S,Third,man,True,Southampton,no,True,0
600,1,2,female,0.4117647058823529,2,1,0.47791163236913187,S,Second,woman,False,Southampton,yes,False,3
602,0,1,male,0.5235121107266435,0,0,0.7504982671278219,S,First,man,True,Southampton,no,True,0
603,0,3,male,0.803921568627451,0,0,0.14248846816931526,S,Third,man,True,Southampton,no,True,0
604,1,1,male,0.6274509803921569,0,0,0.469946438496313,C,First,man,True,Cherbourg,yes,True,0
605,0,3,male,0.6470588235294117,1,0,0.275241699382963,S,Third,man,True,Southampton,no,False,1
606,0,3,male,0.5294117647058824,0,0,0.13975906173556266,S,Third,man,True,Southampton,no,True,0
607,1,1,male,0.47058823529411764,0,0,0.5398631402688342,S,First,man,True,Southampton,yes,True,0
608,1,2,female,0.37254901960784315,1,2,0.7359697535038003,C,Second,woman,False,Cherbourg,yes,False,3
610,0,3,female,0.7058823529411764,1,5,0.5535809741609111,S,Third,woman,False,Southampton,no,False,6
611,0,3,male,0.5235121107266435,0,0,0.12478803734082888,S,Third,man,True,Southampton,no,True,0
616,0,3,male,0.6078431372549019,1,1,0.25488620393020367,S,Third,man,True,Southampton,no,False,2
617,0,3,female,0.4509803921568627,1,0,0.2849769363386305,S,Third,woman,False,Southampton,no,False,1
618,1,2,female,0.0196078431372549,2,1,0.6903168023109683,S,Second,child,False,Southampton,yes,False,3
619,0,2,male,0.4509803921568627,0,0,0.18585452369910685,S,Second,man,True,Southampton,no,True,0
620,0,3,male,0.47058823529411764,1,0,0.25584556728110763,C,Third,man,True,Cherbourg,no,False,1
621,1,1,male,0.7647058823529411,1,0,0.9302319818464382,S,First,man,True,Southampton,yes,False,1
622,1,3,male,0.3333333333333333,1,1,0.2786348719727838,C,Third,man,True,Cherbourg,yes,False,2
623,0,3,male,0.3529411764705882,0,0,0.1390227238130976,S,Third,man,True,Southampton,no,True,0
624,0,3,male,0.3529411764705882,0,0,0.2849769363386305,S,Third,man,True,Southampton,no,True,0
628,0,3,male,0.4509803921568627,0,0,0.13975906173556266,S,Third,man,True,Southampton,no,True,0
629,0,3,male,0.5235121107266435,0,0,0.13688274172593362,Q,Third,man,True,Queenstown,no,True,0
631,0,3,male,0.9411764705882353,0,0,0.12486237915030853,S,Third,man,True,Southampton,no,True,0
632,1,1,male,0.5686274509803921,0,0,0.5398631402688342,C,First,man,True,Cherbourg,yes,True,0
633,0,1,male,0.5235121107266435,0,0,0.0,S,First,man,True,Southampton,no,True,0
634,0,3,female,0.1176470588235294,3,2,0.4938420201147696,S,Third,child,False,Southampton,no,False,5
637,0,2,male,0.5490196078431372,1,1,0.4646363092477671,S,Second,man,True,Southampton,no,False,2
638,0,3,female,0.7450980392156863,0,5,0.7024858485055526,S,Third,woman,False,Southampton,no,False,5
639,0,3,male,0.5235121107266435,1,0,0.2849769363386305,S,Third,man,True,Southampton,no,False,1
643,1,3,male,0.5235121107266435,0,0,1.0,S,Third,man,True,Southampton,yes,True,0
648,0,3,male,0.5235121107266435,0,0,0.13363825275507207,S,Third,man,True,Southampton,no,True,0
649,1,3,female,0.39215686274509803,0,0,0.13363825275507207,S,Third,woman,False,Southampton,yes,True,0
651,1,2,female,0.2941176470588235,0,1,0.4071099090551864,S,Second,woman,False,Southampton,yes,False,1
652,0,3,male,0.3529411764705882,0,0,0.14927304330587404,S,Third,man,True,Southampton,no,True,0
653,1,3,female,0.5235121107266435,0,0,0.13858021304238546,Q,Third,woman,False,Queenstown,yes,True,0
654,0,3,female,0.2941176470588235,0,0,0.11947790809228297,Q,Third,woman,False,Queenstown,no,True,0
657,0,3,female,0.5686274509803921,1,1,0.27435667784153867,Q,Third,woman,False,Queenstown,no,False,2
658,0,2,male,0.39215686274509803,0,0,0.23010560077032277,S,Second,man,True,Southampton,no,True,0
661,0,3,male,0.7254901960784313,0,0,0.12788561273581397,C,Third,man,True,Cherbourg,no,True,0
662,0,1,male,0.8627450980392156,0,0,0.45290977382389486,S,First,man,True,Southampton,no,True,0
663,0,3,male,0.6470588235294117,0,0,0.1326788894041681,S,Third,man,True,Southampton,no,True,0
664,1,3,male,0.3333333333333333,1,0,0.14027591431575445,S,Third,man,True,Southampton,yes,False,1
667,0,3,male,0.5235121107266435,0,0,0.1376208496914815,S,Third,man,True,Southampton,no,True,0
668,0,3,male,0.7843137254901961,0,0,0.14248846816931526,S,Third,man,True,Southampton,no,True,0
669,1,1,female,0.5235121107266435,1,0,0.9204224030812911,S,First,woman,False,Southampton,yes,False,1
670,1,2,female,0.7254901960784313,1,1,0.6903168023109683,S,Second,woman,False,Southampton,yes,False,2
671,0,1,male,0.5490196078431372,1,0,0.9204224030812911,S,First,man,True,Southampton,no,False,1
673,1,2,male,0.5490196078431372,0,0,0.23010560077032277,S,Second,man,True,Southampton,yes,True,0
675,0,3,male,0.2941176470588235,0,0,0.1376208496914815,S,Third,man,True,Southampton,no,True,0
676,0,3,male,0.4215686274509804,0,0,0.14248846816931526,S,Third,man,True,Southampton,no,True,0
677,1,3,female,0.2941176470588235,0,0,0.17420233008471425,S,Third,woman,False,Southampton,yes,True,0
678,0,3,female,0.7843137254901961,1,6,0.8301502058560105,S,Third,woman,False,Southampton,no,False,7
680,0,3,female,0.5235121107266435,0,0,0.1440372558668078,Q,Third,woman,False,Queenstown,no,True,0
682,0,3,male,0.3333333333333333,0,0,0.1632864743927867,S,Third,man,True,Southampton,no,True,0
683,0,3,male,0.21568627450980393,5,2,0.8301502058560105,S,Third,child,False,Southampton,no,False,7
685,0,2,male,0.4313725490196078,1,2,0.7359697535038003,C,Second,man,True,Cherbourg,no,False,3
686,0,3,male,0.21568627450980393,4,1,0.7024858485055526,S,Third,child,False,Southampton,no,False,5
687,0,3,male,0.3137254901960784,0,0,0.18002754187036912,S,Third,man,True,Southampton,no,True,0
688,0,3,male,0.2941176470588235,0,0,0.137989018652714,S,Third,man,True,Southampton,no,True,0
691,1,3,female,0.0196078431372549,0,1,0.23748137029655303,C,Third,child,False,Cherbourg,yes,False,1
693,0,3,male,0.4313725490196078,0,0,0.12788561273581397,C,Third,man,True,Cherbourg,no,True,0
695,0,2,male,0.9607843137254901,0,0,0.23895581618456593,S,Second,man,True,Southampton,no,True,0
697,1,3,female,0.5235121107266435,0,0,0.13688274172593362,Q,Third,woman,False,Queenstown,yes,True,0
699,0,3,male,0.7647058823529411,0,0,0.13540829583792072,S,Third,man,True,Southampton,no,True,0
701,1,1,male,0.6274509803921569,0,0,0.4653000754038354,S,First,man,True,Southampton,yes,True,0
702,0,3,female,0.2941176470588235,0,1,0.25584556728110763,C,Third,woman,False,Cherbourg,no,False,1
703,0,3,male,0.4313725490196078,0,0,0.1370314253448929,Q,Third,man,True,Queenstown,no,True,0
704,0,3,male,0.4509803921568627,1,0,0.1390227238130976,S,Third,man,True,Southampton,no,False,1
705,0,2,male,0.7058823529411764,0,0,0.46021120154064554,S,Second,man,True,Southampton,no,True,0
706,1,2,female,0.8235294117647058,0,0,0.23895581618456593,S,Second,woman,False,Southampton,yes,True,0
707,1,1,male,0.7647058823529411,0,0,0.4653000754038354,S,First,man,True,Southampton,yes,True,0
710,1,1,female,0.4117647058823529,0,0,0.8762456678195547,C,First,woman,False,Cherbourg,yes,True,0
711,0,1,male,0.5235121107266435,0,0,0.469946438496313,S,First,man,True,Southampton,no,True,0
712,1,1,male,0.8823529411764706,1,0,0.9204224030812911,S,First,man,True,Southampton,yes,False,1
713,0,3,male,0.5098039215686274,0,0,0.16785849567578476,S,Third,man,True,Southampton,no,True,0
714,0,2,male,0.9607843137254901,0,0,0.23010560077032277,S,Second,man,True,Southampton,no,True,0
715,0,3,male,0.3137254901960784,0,0,0.13540829583792072,S,Third,man,True,Southampton,no,True,0
717,1,2,female,0.47058823529411764,0,0,0.18585452369910685,S,Second,woman,False,Southampton,yes,True,0
718,0,3,male,0.5235121107266435,0,0,0.27435667784153867,Q,Third,man,True,Queenstown,no,True,0
719,0,3,male,0.5882352941176471,0,0,0.1376208496914815,S,Third,man,True,Southampton,no,True,0
720,1,2,female,0.058823529411764705,0,1,0.5841142173400501,S,Second,child,False,Southampton,yes,False,1
721,0,3,male,0.2745098039215686,1,0,0.12486237915030853,S,Third,man,True,Southampton,no,False,1
722,0,2,male,0.6078431372549019,0,0,0.23010560077032277,S,Second,man,True,Southampton,no,True,0
723,0,2,male,0.9215686274509803,0,0,0.23010560077032277,S,Second,man,True,Southampton,no,True,0
724,1,1,male,0.47058823529411764,1,0,0.939892876992626,S,First,man,True,Southampton,yes,False,1
725,0,3,male,0.3333333333333333,0,0,0.15332998205176313,S,Third,man,True,Southampton,no,True,0
726,1,2,female,0.5294117647058824,3,0,0.3717090473982137,S,Second,woman,False,Southampton,yes,False,3
727,1,3,female,0.5235121107266435,0,0,0.13695708353541325,Q,Third,woman,False,Queenstown,yes,True,0
728,0,2,male,0.4313725490196078,1,0,0.46021120154064554,S,Second,man,True,Southampton,no,False,1
729,0,3,female,0.4313725490196078,1,0,0.14027591431575445,S,Third,woman,False,Southampton,no,False,1
731,0,3,male,0.1568627450980392,0,0,0.33254684419018765,C,Third,child,False,Cherbourg,no,True,0
735,0,3,male,0.5,0,0,0.2849769363386305,S,Third,man,True,Southampton,no,True,0
736,0,3,female,0.8823529411764706,1,3,0.6084523097292188,S,Third,woman,False,Southampton,no,False,4
740,1,1,male,0.5235121107266435,0,0,0.531012924854591,S,First,man,True,Southampton,yes,True,0
743,0,3,male,0.4117647058823529,1,0,0.2849769363386305,S,Third,man,True,Southampton,no,False,1
744,1,3,male,0.5490196078431372,0,0,0.14027591431575445,S,Third,man,True,Southampton,yes,True,0
746,0,3,male,0.2549019607843137,1,1,0.3584337242768489,S,Third,man,True,Southampton,no,False,2
747,1,2,female,0.5294117647058824,0,0,0.23010560077032277,S,Second,woman,False,Southampton,yes,True,0
748,0,1,male,0.3137254901960784,1,0,0.939892876992626,S,First,man,True,Southampton,no,False,1
749,0,3,male,0.5490196078431372,0,0,0.13717833892076933,Q,Third,man,True,Queenstown,no,True,0
750,1,2,female,0.0196078431372549,1,1,0.4071099090551864,S,Second,child,False,Southampton,yes,False,2
751,1,3,male,0.058823529411764705,0,1,0.2208128745853674,S,Third,child,False,Southampton,yes,False,1
752,0,3,male,0.5882352941176471,0,0,0.16815409287062047,S,Third,man,True,Southampton,no,True,0
753,0,3,male,0.39215686274509803,0,0,0.13975906173556266,S,Third,man,True,Southampton,no,True,0
756,0,3,male,0.4901960784313726,0,0,0.137989018652714,S,Third,man,True,Southampton,no,True,0
761,0,3,male,0.7450980392156863,0,0,0.12611556965296536,S,Third,man,True,Southampton,no,True,0
762,1,3,male,0.3333333333333333,0,0,0.12795995454529363,C,Third,man,True,Cherbourg,yes,True,0
764,0,3,male,0.2549019607843137,0,0,0.1376208496914815,S,Third,man,True,Southampton,no,True,0
766,0,1,male,0.5235121107266435,0,0,0.7009370608080601,C,First,man,True,Cherbourg,no,True,0
767,0,3,female,0.5392156862745098,0,0,0.13717833892076933,Q,Third,woman,False,Queenstown,no,True,0
768,0,3,male,0.5235121107266435,1,0,0.42746540450794573,Q,Third,man,True,Queenstown,no,False,1
769,0,3,male,0.5686274509803921,0,0,0.14801985280321725,S,Third,man,True,Southampton,no,True,0
770,0,3,male,0.4117647058823529,0,0,0.16815409287062047,S,Third,man,True,Southampton,no,True,0
771,0,3,male,0.8823529411764706,0,0,0.1390227238130976,S,Third,man,True,Southampton,no,True,0
774,1,2,female,1.0,1,3,0.4071099090551864,S,Second,woman,False,Southampton,yes,False,4
775,0,3,male,0.2941176470588235,0,0,0.13717833892076933,S,Third,man,True,Southampton,no,True,0
777,1,3,female,0.0392156862745098,0,0,0.2208128745853674,S,Third,child,False,Southampton,yes,True,0
778,0,3,male,0.5235121107266435,0,0,0.13695708353541325,Q,Third,man,True,Queenstown,no,True,0
780,1,3,female,0.196078431372549,0,0,0.12795995454529363,C,Third,child,False,Cherbourg,yes,True,0
782,0,1,male,0.5098039215686274,0,0,0.531012924854591,S,First,man,True,Southampton,no,True,0
783,0,3,male,0.5235121107266435,1,2,0.41507510292800526,S,Third,man,True,Southampton,no,False,3
784,0,3,male,0.4313725490196078,0,0,0.12478803734082888,S,Third,man,True,Southampton,no,True,0
785,0,3,male,0.4313725490196078,0,0,0.12832812350652614,S,Third,man,True,Southampton,no,True,0
786,1,3,female,0.2941176470588235,0,0,0.1326788894041681,S,Third,woman,False,Southampton,yes,True,0
787,0,3,male,0.09803921568627451,4,1,0.5155250478796654,Q,Third,child,False,Queenstown,no,False,5
791,0,2,male,0.2549019607843137,0,0,0.46021120154064554,S,Second,man,True,Southampton,no,True,0
793,0,1,male,0.5235121107266435,0,0,0.5433288846250518,C,First,man,True,Cherbourg,no,True,0
794,0,3,male,0.4313725490196078,0,0,0.13975906173556266,S,Third,man,True,Southampton,no,True,0
795,0,2,male,0.7058823529411764,0,0,0.23010560077032277,S,Second,man,True,Southampton,no,True,0
796,1,1,female,0.9019607843137255,0,0,0.4589580110379887,S,First,woman,False,Southampton,yes,True,0
797,1,3,female,0.5490196078431372,0,0,0.15369815101299564,S,Third,woman,False,Southampton,yes,True,0
798,0,3,male,0.5294117647058824,0,0,0.12795995454529363,C,Third,man,True,Cherbourg,no,True,0
799,0,3,female,0.5294117647058824,1,1,0.42746540450794573,S,Third,woman,False,Southampton,no,False,2
801,1,2,female,0.5490196078431372,1,1,0.4646363092477671,S,Second,woman,False,Southampton,yes,False,2
804,1,3,male,0.47058823529411764,0,0,0.1234605050286924,S,Third,man,True,Southampton,yes,True,0
805,0,3,male,0.5490196078431372,0,0,0.1376208496914815,S,Third,man,True,Southampton,no,True,0
806,0,1,male,0.7058823529411764,0,0,0.0,S,First,man,True,Southampton,no,True,0
807,0,3,female,0.2941176470588235,0,0,0.1376208496914815,S,Third,woman,False,Southampton,no,True,0
809,1,1,female,0.5882352941176471,1,0,0.939892876992626,S,First,woman,False,Southampton,yes,False,1
810,0,3,male,0.4509803921568627,0,0,0.13961214815968623,S,Third,man,True,Southampton,no,True,0
811,0,3,male,0.7058823529411764,0,0,0.42746540450794573,S,Third,man,True,Southampton,no,True,0
812,0,2,male,0.6274509803921569,0,0,0.18585452369910685,S,Second,man,True,Southampton,no,True,0
813,0,3,female,0.058823529411764705,4,2,0.5535809741609111,S,Third,child,False,Southampton,no,False,6
814,0,3,male,0.5392156862745098,0,0,0.14248846816931526,S,Third,man,True,Southampton,no,True,0
816,0,3,female,0.39215686274509803,0,0,0.14027591431575445,S,Third,woman,False,Southampton,no,True,0
817,0,2,male,0.5490196078431372,1,1,0.6549902824634751,C,Second,man,True,Cherbourg,no,False,2
818,0,3,male,0.7843137254901961,0,0,0.11416777884373706,S,Third,man,True,Southampton,no,True,0
819,0,3,male,0.13725490196078433,3,2,0.4938420201147696,S,Third,child,False,Southampton,no,False,5
821,1,3,male,0.47058823529411764,0,0,0.15332998205176313,S,Third,man,True,Southampton,yes,True,0
822,0,1,male,0.6862745098039216,0,0,0.0,S,First,man,True,Southampton,no,True,0
823,1,3,female,0.47058823529411764,0,1,0.2208128745853674,S,Third,woman,False,Southampton,yes,False,1
825,0,3,male,0.5235121107266435,0,0,0.12301799425798024,Q,Third,man,True,Queenstown,no,True,0
826,0,3,male,0.5235121107266435,0,0,1.0,S,Third,man,True,Southampton,no,True,0
828,1,3,male,0.5235121107266435,0,0,0.13717833892076933,Q,Third,man,True,Queenstown,yes,True,0
830,1,3,female,0.23529411764705882,1,0,0.25584556728110763,C,Third,child,False,Cherbourg,yes,False,1
833,0,3,male,0.39215686274509803,0,0,0.1390227238130976,S,Third,man,True,Southampton,no,True,0
834,0,3,male,0.2941176470588235,0,0,0.14691357587643686,S,Third,man,True,Southampton,no,True,0
836,0,3,male,0.3529411764705882,0,0,0.15332998205176313,S,Third,man,True,Southampton,no,True,0
839,1,1,male,0.5235121107266435,0,0,0.525702795606045,C,First,man,True,Cherbourg,yes,True,0
840,0,3,male,0.3333333333333333,0,0,0.14027591431575445,S,Third,man,True,Southampton,no,True,0
841,0,2,male,0.2549019607843137,0,0,0.18585452369910685,S,Second,man,True,Southampton,no,True,0
842,1,1,female,0.5294117647058824,0,0,0.5487133556830773,C,First,woman,False,Cherbourg,yes,True,0
843,0,3,male,0.6176470588235294,0,0,0.11394652345838098,C,Third,man,True,Cherbourg,no,True,0
845,0,3,male,0.7647058823529411,0,0,0.13363825275507207,S,Third,man,True,Southampton,no,True,0
847,0,3,male,0.6274509803921569,0,0,0.13975906173556266,C,Third,man,True,Cherbourg,no,True,0
848,0,2,male,0.4901960784313726,0,1,0.5841142173400501,S,Second,man,True,Southampton,no,False,1
850,0,3,male,0.0196078431372549,4,2,0.5535809741609111,S,Third,child,False,Southampton,no,False,6
852,0,3,female,0.1176470588235294,1,1,0.2698572283249374,C,Third,child,False,Cherbourg,no,False,2
853,1,1,female,0.2549019607843137,0,1,0.6973969746423628,S,First,woman,False,Southampton,yes,False,1
854,0,2,female,0.803921568627451,1,0,0.46021120154064554,S,Second,woman,False,Southampton,no,False,1
855,1,3,female,0.2941176470588235,0,1,0.16549902824634752,S,Third,woman,False,Southampton,yes,False,1
857,1,1,male,0.9411764705882353,0,0,0.469946438496313,S,First,man,True,Southampton,yes,True,0
858,1,3,female,0.4117647058823529,0,3,0.34088020702423893,C,Third,woman,False,Cherbourg,yes,False,3
860,0,3,male,0.7450980392156863,2,0,0.2497229882575342,S,Third,man,True,Southampton,no,False,2
861,0,2,male,0.3529411764705882,1,0,0.2035549545275932,S,Second,man,True,Southampton,no,False,1
862,1,1,female,0.8823529411764706,0,0,0.4589580110379887,S,First,woman,False,Southampton,yes,True,0
864,0,2,male,0.4117647058823529,0,0,0.23010560077032277,S,Second,man,True,Southampton,no,True,0
865,1,2,female,0.7647058823529411,0,0,0.23010560077032277,S,Second,woman,False,Southampton,yes,True,0
866,1,2,female,0.47058823529411764,1,0,0.2452978805504126,C,Second,woman,False,Cherbourg,yes,False,1
867,0,1,male,0.5490196078431372,0,0,0.8937974150290818,S,First,man,True,Southampton,no,True,0
868,0,3,male,0.5235121107266435,0,0,0.16815409287062047,S,Third,man,True,Southampton,no,True,0
869,1,3,male,0.0196078431372549,1,1,0.19706420654278725,S,Third,child,False,Southampton,yes,False,2
871,1,1,female,0.8627450980392156,1,1,0.9302319818464382,S,First,woman,False,Southampton,yes,False,2
872,0,1,male,0.5882352941176471,0,0,0.08850215414243183,S,First,man,True,Southampton,no,True,0
873,0,3,male,0.8627450980392156,0,0,0.1593038774563773,S,Third,man,True,Southampton,no,True,0
874,1,2,female,0.4901960784313726,1,0,0.4248103398836728,C,Second,woman,False,Cherbourg,yes,False,1
875,1,3,female,0.23529411764705882,0,0,0.12788561273581397,C,Third,child,False,Cherbourg,yes,True,0
876,0,3,male,0.3333333333333333,0,0,0.17427490185111108,S,Third,man,True,Southampton,no,True,0
880,1,2,female,0.4313725490196078,0,1,0.46021120154064554,S,Second,woman,False,Southampton,yes,False,1
881,0,3,male,0.5882352941176471,0,0,0.13975906173556266,S,Third,man,True,Southampton,no,True,0
882,0,3,female,0.37254901960784315,0,0,0.18615012089394256,S,Third,woman,False,Southampton,no,True,0
883,0,2,male,0.4901960784313726,0,0,0.18585452369910685,S,Second,man,True,Southampton,no,True,0
885,0,3,female,0.7058823529411764,0,5,0.5155250478796654,Q,Third,woman,False,Queenstown,no,False,5
887,1,1,female,0.3137254901960784,0,0,0.531012924854591,S,First,woman,False,Southampton,yes,True,0
888,0,3,female,0.5235121107266435,1,2,0.41507510292800526,S,Third,woman,False,Southampton,no,False,3
889,1,1,male,0.4509803921568627,0,0,0.531012924854591,C,First,man,True,Cherbourg,yes,True,0
890,0,3,male,0.5686274509803921,0,0,0.13717833892076933,Q,Third,man,True,Queenstown,no,True,0
